long.names.rater1,long.names.rater2,short.names,domain,type,description,phenotype_full_name
skullAngle_AANP_nasionNSA_nasionProsthion_angle.1,skullAngle_AANP_nasionNSA_nasionProsthion_angle.2,AANP,skull,angle,Angle between the line from nasion to the anterior nasal spine and the line from nasion to prosthion,SKULLANGLE_AANP_NASIONNSA_NASIONPROSTHION_ANGLE
skullAngle_AASN_nasionNSA_nasionSella_angle.1,skullAngle_AASN_nasionNSA_nasionSella_angle.2,AASN,skull,angle,Angle between the line from nasion to the anterior nasal spine and the line from nasion to sella,SKULLANGLE_AASN_NASIONNSA_NASIONSELLA_ANGLE
skullAngle_ABSN_sellaBasion_sellaNasion_angle.1,skullAngle_ABSN_sellaBasion_sellaNasion_angle.2,ABSN,skull,angle,Angle between the line from sella to basion and the line from sella to nasion,SKULLANGLE_ABSN_SELLABASION_SELLANASION_ANGLE
skullAngle_ACSN_sellaConylionMean_sellaNasion_angle.1,skullAngle_ACSN_sellaConylionMean_sellaNasion_angle.2,ACSN,skull,angle,Angle between the line from sella to the mean location of the condyles and the line from sella to the nasion,SKULLANGLE_ACSN_SELLACONYLIONMEAN_SELLANASION_ANGLE
skullAngle_ALNS_nasionSellaLine_nsaNspLine_angle.1,skullAngle_ALNS_nasionSellaLine_nsaNspLine_angle.2,ALNS,skull,angle,Angle between line from nasion to sella and the nasal cavity floor,SKULLANGLE_ALNS_NASIONSELLALINE_NSANSPLINE_ANGLE
skullAngle_ANNF_nsaNsp_sellaFranfortPlanePerp_angle.1,skullAngle_ANNF_nsaNsp_sellaFranfortPlanePerp_angle.2,ANNF,skull,angle,Angle between the floor of the nasal cavity and the Frankfort horizontal plane,SKULLANGLE_ANNF_NSANSP_SELLAFRANFORTPLANEPERP_ANGLE
skullAngle_ANSF_sellaNasion_sellaFranfortPlanePerp_angle.1,skullAngle_ANSF_sellaNasion_sellaFranfortPlanePerp_angle.2,ANSF,skull,angle,Angle between the line from nasion to sella and the Frankfort horizontal plane,SKULLANGLE_ANSF_SELLANASION_SELLAFRANFORTPLANEPERP_ANGLE
skullAngle_APNP_nasionPogonion_nasionProsthion_angle.1,skullAngle_APNP_nasionPogonion_nasionProsthion_angle.2,APNP,skull,angle,Angle between the line from nasion to pogonion and the line from nasion to prosthion,SKULLANGLE_APNP_NASIONPOGONION_NASIONPROSTHION_ANGLE
skullAngle_APNS_nasionPogonion_nasionSella_angle.1,skullAngle_APNS_nasionPogonion_nasionSella_angle.2,APNS,skull,angle,Angle between the line from nasion to pogonion and the line from nasion to sella,SKULLANGLE_APNS_NASIONPOGONION_NASIONSELLA_ANGLE
skullAngle_APSN_sellaNSP_sellaNasion_angle.1,skullAngle_APSN_sellaNSP_sellaNasion_angle.2,APSN,skull,angle,Angle between the line from sella to the posterior nasal spine and the line from sella to nasion,SKULLANGLE_APSN_SELLANSP_SELLANASION_ANGLE
skullAngle_ASCG_condMeanSella_condMeanGonionMean_angle.1,skullAngle_ASCG_condMeanSella_condMeanGonionMean_angle.2,ASCG,skull,angle,Angle between the line from the mean gonion location to the mean condyle location and the line from the mean gonion location to menton,SKULLANGLE_ASCG_GONIONMEANCONDYLIONMEAN_GONIONMEANMENTON_A
skullAngle_ASCG_gonionMeanCondylionMean_GonionMeanMenton_angle.1,skullAngle_ASCG_gonionMeanCondylionMean_GonionMeanMenton_angle.2,ASCG*,skull,angle,Angle between the line from the mean condyle location to sella and the line from the mean condyle location to the mean gonion location,SKULLANGLE_ASCG_CONDMEANSELLA_CONDMEANGONIONMEAN_ANGLE
skullAngle_ASNP_nasionSella_nasionProsthion_angle.1,skullAngle_ASNP_nasionSella_nasionProsthion_angle.2,ASNP,skull,angle,Angle between the line from nasion to sella and the line from nasion to prosthion,SKULLANGLE_ASNP_NASIONSELLA_NASIONPROSTHION_ANGLE
cervicalSpine_CS2A_c2base_odontoid_distance.1,cervicalSpine_CS2A_c2base_odontoid_distance.2,CS2A,cervical,distance,Height of C2 from its base to odontoid tip,CERVICALSPINE_CS2A_C2BASE_ODONTOID_DISTANCE
cervicalSpine_CS2H_atlas_c2base_distance.1,cervicalSpine_CS2H_atlas_c2base_distance.2,CS2H,cervical,distance,Height of C2 from its base to atlas (C1),CERVICALSPINE_CS2H_ATLAS_C2BASE_DISTANCE
cervicalSpine_CS3H_c2base_c3base_distance.1,cervicalSpine_CS3H_c2base_c3base_distance.2,CS3H,cervical,distance,Height of C3 from its base to C2 base,CERVICALSPINE_CS3H_C2BASE_C3BASE_DISTANCE
cervicalSpine_CS4H_c3base_c4base_distance.1,cervicalSpine_CS4H_c3base_c4base_distance.2,CS4H,cervical,distance,Height of C4 from its base to C3 base,CERVICALSPINE_CS4H_C3BASE_C4BASE_DISTANCE
cervicalSpine_CS5H_c4base_c5base_distance.1,cervicalSpine_CS5H_c4base_c5base_distance.2,CS5H,cervical,distance,Height of C5 from its base to C4 base,CERVICALSPINE_CS5H_C4BASE_C5BASE_DISTANCE
cervicalSpine_CS6H_c5base_c6base_distance.1,cervicalSpine_CS6H_c5base_c6base_distance.2,CS6H,cervical,distance,Height of C6 from its base to C5 base,CERVICALSPINE_CS6H_C5BASE_C6BASE_DISTANCE
cervicalSpine_CS7H_c6base_c7base_distance.1,cervicalSpine_CS7H_c6base_c7base_distance.2,CS7H,cervical,distance,Height of C7 from its base to C6 base,CERVICALSPINE_CS7H_C6BASE_C7BASE_DISTANCE
denition_DAII_incisionInfApexInfLine_nsaNspLine_angle.1,denition_DAII_incisionInfApexInfLine_nsaNspLine_angle.2,DAII,dentition,angle,Angle between the nasal cavity floor and inferior right central incisor,DENITION_DAII_INCISIONINFAPEXINFLINE_NSANSPLINE_ANGLE
denition_DAIM_incisionInfApexInfLine_mentonGonionMeanLine_angl.1,denition_DAIM_incisionInfApexInfLine_mentonGonionMeanLine_angl.2,DAIM,dentition,angle,Angle between the mandible body line (defined using the menton and mean gonion locations) and inferior right central incisor,DENITION_DAIM_INCISIONINFAPEXINFLINE_MENTONGONIONMEANLINE_
denition_DAIP_incInfApexInfLine_pogGonMeanLine_angle.1,denition_DAIP_incInfApexInfLine_pogGonMeanLine_angle.2,DAIP,dentition,angle,Angle between the mandible body line (defined using the pogonion and mean gonion locations) and inferior right central incisor,DENITION_DAIP_INCINFAPEXINFLINE_POGGONMEANLINE_ANGLE
denition_DAIS_incisionSupApexSupLine_nsaNspLine_angle.1,denition_DAIS_incisionSupApexSupLine_nsaNspLine_angle.2,DAIS,dentition,angle,Angle between the nasal cavity floor and superior right central incisor,DENITION_DAIS_INCISIONSUPAPEXSUPLINE_NSANSPLINE_ANGLE
dentition_DDAP_dentalArchTrace_matlabProcDistance.1,dentition_DDAP_dentalArchTrace_matlabProcDistance.2,DDAP,dentition,Procrustes dist.,Procrustes distance of maxillary dental arch tracing,DENTITION_DDAP_DENTALARCHTRACE_MATLABPROCDISTANCE
denition_DICD_intercanine_distance.1,denition_DICD_intercanine_distance.2,DICD,dentition,distance,Width of dental arch between the canines,DENITION_DICD_INTERCANINE_DISTANCE
denition_DIIL_apexInferior_incisionInferior_distance.1,denition_DIIL_apexInferior_incisionInferior_distance.2,DIIL,dentition,distance,Distance between apex inferior and incisor inferior,DENITION_DIIL_APEXINFERIOR_INCISIONINFERIOR_DISTANCE
denition_DIMD_interM2_distance.1,denition_DIMD_interM2_distance.2,DIMD,dentition,distance,Width of dental arch between the second molars,DENITION_DIMD_INTERM2_DISTANCE
denition_DIPD_interPM2_distance.1,denition_DIPD_interPM2_distance.2,DIPD,dentition,distance,Width of dental arch between the second premolars,DENITION_DIPD_INTERPM2_DISTANCE
denition_DMAC_maxillaryDentalArch_completeTrace_meanCurvature.1,denition_DMAC_maxillaryDentalArch_completeTrace_meanCurvature.2,DMAC,dentition,curvature,Curvature of the maxillary dental arch,DENITION_DMAC_MAXILLARYDENTALARCH_COMPLETETRACE_MEANCURVA
denition_DSIL_apexSuperior_incisionSuperior_distance.1,denition_DSIL_apexSuperior_incisionSuperior_distance.2,DSIL,dentition,distance,Distance between apex superior and incisor superior,DENITION_DSIL_APEXSUPERIOR_INCISIONSUPERIOR_DISTANCE
general_GAPD_allPointSet_matlabProcDistance.1,general_GAPD_allPointSet_matlabProcDistance.2,GAPD,general,Procrustes dist.,Procrustes distance of all available landmarks registered against the mean configuration defined by scans which contain all landmarks,GENERAL_GAPD_ALLPOINTSET_MATLABPROCDISTANCE
general_GRPD_registrationPointSet_matlabProcDistance.1,general_GRPD_registrationPointSet_matlabProcDistance.2,GRPD,general,Procrustes dist.,Procrustes distance of common points (excludes points not found in all scans),GENERAL_GRPD_REGISTRATIONPOINTSET_MATLABPROCDISTANCE
hardPalate_HACL_hpa_intercanine_distance.1,hardPalate_HACL_hpa_intercanine_distance.2,HACL,hard palate,distance,Length of hard palate from canines to its anterior most point,HARDPALATE_HACL_HPA_INTERCANINE_DISTANCE
hardPalate_HACP_canPM2Proj_occlusalPlane_postAlvSlope_angle.1,hardPalate_HACP_canPM2Proj_occlusalPlane_postAlvSlope_angle.2,HACP,hard palate,angle,"Angle between the line from the intermolar projection (on midsagittal hard palate trace) to the anterior hard palate and the occlusal plane (containing pr, cal, car, pml, pmr, eml, emr)",HARDPALATE_HACP_CANPM2PROJ_OCCLUSALPLANE_POSTALVSLOPE_ANGLE
hardPalate_HAML_hpa_interM2_distance.1,hardPalate_HAML_hpa_interM2_distance.2,HAML,hard palate,distance,Length of hard palate from second molars to its anterior most point,HARDPALATE_HAML_HPA_INTERM2_DISTANCE
hardPalate_HAPL_hpa_interPM2_distance.1,hardPalate_HAPL_hpa_interPM2_distance.2,HAPL,hard palate,distance,Length of hard palate from second premolars to its anterior most point,HARDPALATE_HAPL_HPA_INTERPM2_DISTANCE
hardPalate_HARC_hpaIntercanineProj_occlusalPlane_alvRidge_angl.1,hardPalate_HARC_hpaIntercanineProj_occlusalPlane_alvRidge_angl.2,HARC,hard palate,angle,"Angle between the line from the intercanine projection to the anterior hard palate and the occlusal plane (containing pr, cal, car, pml, pmr, eml, emr)",HARDPALATE_HARC_HPAINTERCANINEPROJ_OCCLUSALPLANE_ALVRIDGE_
hardPalate_HARF_frontSegSlope_occlusalPlane_alvRidge_angle.1,hardPalate_HARF_frontSegSlope_occlusalPlane_alvRidge_angle.2,HARF,hard palate,angle,"Angle between the line from the interpremolar projection (on midsagittal hard palate trace) to the anterior hard palate and the occlusal plane (containing pr, cal, car, pml, pmr, eml, emr)",HARDPALATE_HARF_FRONTSEGSLOPE_OCCLUSALPLANE_ALVRIDGE_ANGLE
hyoidBone_HBC2_c2base_hyoidale_distance.1,hyoidBone_HBC2_c2base_hyoidale_distance.2,HBC2,hyoid,distance,Distance between C2 body and hyoidale,HYOIDBONE_HBC2_C2BASE_HYOIDALE_DISTANCE
hyoidBone_HBC3_c3base_hyoidale_distance.1,hyoidBone_HBC3_c3base_hyoidale_distance.2,HBC3,hyoid,distance,Distance between C3 body and hyoidale,HYOIDBONE_HBC3_C3BASE_HYOIDALE_DISTANCE
hyoidBone_HBC4_c4base_hyoidale_distance.1,hyoidBone_HBC4_c4base_hyoidale_distance.2,HBC4,hyoid,distance,Distance between C4 body and hyoidale,HYOIDBONE_HBC4_C4BASE_HYOIDALE_DISTANCE
hyoidBone_HBNP_nsp_hyoidale_distance.1,hyoidBone_HBNP_nsp_hyoidale_distance.2,HBNP,hyoid,distance,Distance between posterior nasal spine and hyoidale,HYOIDBONE_HBNP_NSP_HYOIDALE_DISTANCE
hyoidBone_HBPG_pogonion_hyoidale_distance.1,hyoidBone_HBPG_pogonion_hyoidale_distance.2,HBPG,hyoid,distance,Distance between pogonion (chin) and hyoidale,HYOIDBONE_HBPG_POGONION_HYOIDALE_DISTANCE
hardPalate_HBPL_basion_prosthion_distance.1,hardPalate_HBPL_basion_prosthion_distance.2,HBPL,hard palate,distance,Length (anteroposterior distance) of hard palate (lower face),HARDPALATE_HBPL_BASION_PROSTHION_DISTANCE
hardPalate_HCCC_coronalCanine_completeTrace_meanCurvature.1,hardPalate_HCCC_coronalCanine_completeTrace_meanCurvature.2,HCCC,hard palate,curvature,Curvature of coronal hard palate profile at the canines,HARDPALATE_HCCC_CORONALCANINE_COMPLETETRACE_MEANCURVATURE
hardPalate_HCCP_coronalCanineTrace_matlabProcDistance.1,hardPalate_HCCP_coronalCanineTrace_matlabProcDistance.2,HCCP,hard palate,Procrustes dist.,Procrustes distance of canine coronal hard palate tracing,HARDPALATE_HCCP_CORONALCANINETRACE_MATLABPROCDISTANCE
hardPalate_HCMP_coronalM2Trace_matlabProcDistance.1,hardPalate_HCMP_coronalM2Trace_matlabProcDistance.2,HCMP,hard palate,Procrustes dist.,Procrustes distance of second molar coronal hard palate tracing,HARDPALATE_HCMP_CORONALM2TRACE_MATLABPROCDISTANCE
hardPalate_HCPP_coronalPM2Trace_matlabProcDistance.1,hardPalate_HCPP_coronalPM2Trace_matlabProcDistance.2,HCPP,hard palate,Procrustes dist.,Procrustes distance of second premolar coronal hard palate tracing,HARDPALATE_HCPP_CORONALPM2TRACE_MATLABPROCDISTANCE
hardPalate_HCTH_coronalCanineTrace_height.1,hardPalate_HCTH_coronalCanineTrace_height.2,HCTH,hard palate,distance,Height of coronal hard palate profile at the canines,HARDPALATE_HCTH_CORONALCANINETRACE_HEIGHT
hardPalate_HDMP_m2PM2Proj_occlusalPlane_palateDome_angle.1,hardPalate_HDMP_m2PM2Proj_occlusalPlane_palateDome_angle.2,HDMP,hard palate,angle,"Angle between line from the intermolar projection to the interpremolar projection (both of these on the midsagittal hard palate trace) and the occlusal plane (containing pr, cal, car, pml, pmr, eml, emr)",HARDPALATE_HDMP_M2PM2PROJ_OCCLUSALPLANE_PALATEDOME_ANGLE
hardPalate_HHPL_hpa_hpp_distance.1,hardPalate_HHPL_hpa_hpp_distance.2,HHPL,hard palate,distance,Length (anteroposterior distance) of hard palate,HARDPALATE_HHPL_HPA_HPP_DISTANCE
hardPalate_HICH_intercanine_height.1,hardPalate_HICH_intercanine_height.2,HICH,hard palate,distance,Height of hard palate at midpoint between the canines,HARDPALATE_HICH_INTERCANINE_HEIGHT
hardPalate_HICL_intercanine_incisionSuperior_distance.1,hardPalate_HICL_intercanine_incisionSuperior_distance.2,HICL,hard palate,distance,Length of hard palate from canines to incisors,HARDPALATE_HICL_INTERCANINE_INCISIONSUPERIOR_DISTANCE
hardPalate_HICL_intercanine_prosthion_distance.1,hardPalate_HICL_intercanine_prosthion_distance.2,HICL*,hard palate,distance,Length of hard palate from canines to prosthion,HARDPALATE_HICL_INTERCANINE_PROSTHION_DISTANCE
hardPalate_HIMH_interM2_height.1,hardPalate_HIMH_interM2_height.2,HIMH,hard palate,distance,Height of hard palate at midpoint between the second molars,HARDPALATE_HIMH_INTERM2_HEIGHT
hardPalate_HIML_interM2_incisionSuperior_distance.1,hardPalate_HIML_interM2_incisionSuperior_distance.2,HIML,hard palate,distance,Length of hard palate from second molars to incisors,HARDPALATE_HIML_INTERM2_INCISIONSUPERIOR_DISTANCE
hardPalate_HIML_interM2_prosthion_distance.1,hardPalate_HIML_interM2_prosthion_distance.2,HIML*,hard palate,distance,Length of hard palate from second molars to prosthion,HARDPALATE_HIML_INTERM2_PROSTHION_DISTANCE
hardPalate_HIPH_interPM2_height.1,hardPalate_HIPH_interPM2_height.2,HIPH,hard palate,distance,Height of hard palate at midpoint between the second premolars,HARDPALATE_HIPH_INTERPM2_HEIGHT
hardPalate_HIPL_interPM2_incisionSuperior_distance.1,hardPalate_HIPL_interPM2_incisionSuperior_distance.2,HIPL,hard palate,distance,Length of hard palate from second premolars to incisors,HARDPALATE_HIPL_INTERPM2_INCISIONSUPERIOR_DISTANCE
hardPalate_HIPL_interPM2_prosthion_distance.1,hardPalate_HIPL_interPM2_prosthion_distance.2,HIPL*,hard palate,distance,Length of hard palate from second premolars to prosthion,HARDPALATE_HIPL_INTERPM2_PROSTHION_DISTANCE
hardPalate_HM2C_coronalM2_completeTrace_meanCurvature.1,hardPalate_HM2C_coronalM2_completeTrace_meanCurvature.2,HM2C,hard palate,curvature,Curvature of coronal hard palate profile at the second molars,HARDPALATE_HM2C_CORONALM2_COMPLETETRACE_MEANCURVATURE
hardPalate_HMAC_midsagittal_alvRidgeInds15to19_meanCurvature.1,hardPalate_HMAC_midsagittal_alvRidgeInds15to19_meanCurvature.2,HMAC,hard palate,curvature,Curvature of alveolar ridge of midsagittal hard palate tracing (indices 16 to 20),HARDPALATE_HMAC_MIDSAGITTAL_ALVRIDGEINDS15TO19_MEANCURVATURE
hardPalate_HMDC_midsagittal_domeIndices1to15_meanCurvature.1,hardPalate_HMDC_midsagittal_domeIndices1to15_meanCurvature.2,HMDC,hard palate,curvature,Curvature of dome of midsagittal hard palate tracing (indices 1 to 15),HARDPALATE_HMDC_MIDSAGITTAL_DOMEINDICES1TO15_MEANCURVATURE
hardPalate_HMSP_midsagittalTrace_matlabProcDistance.1,hardPalate_HMSP_midsagittalTrace_matlabProcDistance.2,HMSP,hard palate,Procrustes dist.,Procrustes distance of midsagittal hard palate tracing,HARDPALATE_HMSP_MIDSAGITTALTRACE_MATLABPROCDISTANCE
hardPalate_HMTC_midsagittal_completeTrace_meanCurvature.1,hardPalate_HMTC_midsagittal_completeTrace_meanCurvature.2,HMTC,hard palate,distance,Curvature of total midsagittal hard palate tracing,HARDPALATE_HMTC_MIDSAGITTAL_COMPLETETRACE_MEANCURVATURE
hardPalate_HMTH_coronalM2Trace_height.1,hardPalate_HMTH_coronalM2Trace_height.2,HMTH,hard palate,distance,Height of coronal hard palate profile at the second molars,HARDPALATE_HMTH_CORONALM2TRACE_HEIGHT
hardPalate_HNAP_nsa_prosthion_distance.1,hardPalate_HNAP_nsa_prosthion_distance.2,HNAP,hard palate,distance,Height of hard palate on its external anterior surface,HARDPALATE_HNAP_NSA_PROSTHION_DISTANCE
hardPalate_HNSL_nsa_nsp_distance.1,hardPalate_HNSL_nsa_nsp_distance.2,HNSL,hard palate,distance,Length (anteroposterior distance) of nasal cavity floor,HARDPALATE_HNSL_NSA_NSP_DISTANCE
hardPalate_HP2C_coronalPM2_completeTrace_meanCurvature.1,hardPalate_HP2C_coronalPM2_completeTrace_meanCurvature.2,HP2C,hard palate,curvature,Curvature of coronal hard palate profile at the second premolars,HARDPALATE_HP2C_CORONALPM2_COMPLETETRACE_MEANCURVATURE
hardPalate_HPTH_coronalPM2Trace_height.1,hardPalate_HPTH_coronalPM2Trace_height.2,HPTH,hard palate,distance,Height of coronal hard palate profile at the second premolars,HARDPALATE_HPTH_CORONALPM2TRACE_HEIGHT
larynx_L2CT_c2base_corniculateTubercle_distance.1,larynx_L2CT_c2base_corniculateTubercle_distance.2,L2CT,larynx,distance,Height of larynx (using corniculate tubercle) relative to C2,LARYNX_L2CT_C2BASE_CORNICULATETUBERCLE_DISTANCE
larynx_L2EA_c2base_epiglottisApex_distance.1,larynx_L2EA_c2base_epiglottisApex_distance.2,L2EA,larynx,distance,Height of larynx (using apex of epiglottis) relative to C2,LARYNX_L2EA_C2BASE_EPIGLOTTISAPEX_DISTANCE
larynx_L2EP_c2base_epiglottisPetiole_distance.1,larynx_L2EP_c2base_epiglottisPetiole_distance.2,L2EP,larynx,distance,Height of larynx (using petiole of epiglottis) relative to C2,LARYNX_L2EP_C2BASE_EPIGLOTTISPETIOLE_DISTANCE
larynx_L3CT_c3base_corniculateTubercle_distance.1,larynx_L3CT_c3base_corniculateTubercle_distance.2,L3CT,larynx,distance,Height of larynx (using corniculate tubercle) relative to C3,LARYNX_L3CT_C3BASE_CORNICULATETUBERCLE_DISTANCE
larynx_L3EA_c3base_epiglottisApex_distance.1,larynx_L3EA_c3base_epiglottisApex_distance.2,L3EA,larynx,distance,Height of larynx (using apex of epiglottis) relative to C3,LARYNX_L3EA_C3BASE_EPIGLOTTISAPEX_DISTANCE
larynx_L3EP_c3base_epiglottisPetiole_distance.1,larynx_L3EP_c3base_epiglottisPetiole_distance.2,L3EP,larynx,distance,Height of larynx (using petiole of epiglottis) relative to C3,LARYNX_L3EP_C3BASE_EPIGLOTTISPETIOLE_DISTANCE
larynx_L4CT_c4base_corniculateTubercle_distance.1,larynx_L4CT_c4base_corniculateTubercle_distance.2,L4CT,larynx,distance,Height of larynx (using corniculate tubercle) relative to C4,LARYNX_L4CT_C4BASE_CORNICULATETUBERCLE_DISTANCE
larynx_L4EA_c4base_epiglottisApex_distance.1,larynx_L4EA_c4base_epiglottisApex_distance.2,L4EA,larynx,distance,Height of larynx (using apex of epiglottis) relative to C4,LARYNX_L4EA_C4BASE_EPIGLOTTISAPEX_DISTANCE
larynx_L4EP_c4base_epiglottisPetiole_distance.1,larynx_L4EP_c4base_epiglottisPetiole_distance.2,L4EP,larynx,distance,Height of larynx (using petiole of epiglottis) relative to C4,LARYNX_L4EP_C4BASE_EPIGLOTTISPETIOLE_DISTANCE
larynx_L5CT_c5base_corniculateTubercle_distance.1,larynx_L5CT_c5base_corniculateTubercle_distance.2,L5CT,larynx,distance,Height of larynx (using corniculate tubercle) relative to C5,LARYNX_L5CT_C5BASE_CORNICULATETUBERCLE_DISTANCE
larynx_L5EA_c5base_epiglottisApex_distance.1,larynx_L5EA_c5base_epiglottisApex_distance.2,L5EA,larynx,distance,Height of larynx (using apex of epiglottis) relative to C5,LARYNX_L5EA_C5BASE_EPIGLOTTISAPEX_DISTANCE
larynx_L5EP_c5base_epiglottisPetiole_distance.1,larynx_L5EP_c5base_epiglottisPetiole_distance.2,L5EP,larynx,distance,Height of larynx (using petiole of epiglottis) relative to C5,LARYNX_L5EP_C5BASE_EPIGLOTTISPETIOLE_DISTANCE
larynx_LACT_atlas_corniculateTubercle_distance.1,larynx_LACT_atlas_corniculateTubercle_distance.2,LACT,larynx,distance,Height of larynx (using corniculate tubercle) relative to C1,LARYNX_LACT_ATLAS_CORNICULATETUBERCLE_DISTANCE
larynx_LAEA_atlas_epiglottisApex_distance.1,larynx_LAEA_atlas_epiglottisApex_distance.2,LAEA,larynx,distance,Height of larynx (using apex of epiglottis) relative to C1,LARYNX_LAEA_ATLAS_EPIGLOTTISAPEX_DISTANCE
larynx_LAEP_atlas_epiglottisPetiole_distance.1,larynx_LAEP_atlas_epiglottisPetiole_distance.2,LAEP,larynx,distance,Height of larynx (using petiole of epiglottis) relative to C1,LARYNX_LAEP_ATLAS_EPIGLOTTISPETIOLE_DISTANCE
larynx_LEPL_epiglottisApex_epiglottisPetiole_distance.1,larynx_LEPL_epiglottisApex_epiglottisPetiole_distance.2,LEPL,larynx,distance,Height of epiglottis from petiole to apex,LARYNX_LEPL_EPIGLOTTISAPEX_EPIGLOTTISPETIOLE_DISTANCE
larynx_LHCT_hyoidale_corniculateTubercle_distance.1,larynx_LHCT_hyoidale_corniculateTubercle_distance.2,LHCT,larynx,distance,Height of larynx (using corniculate tubercle) relative to hyoidale,LARYNX_LHCT_HYOIDALE_CORNICULATETUBERCLE_DISTANCE
larynx_LHEA_hyoidale_epiglottisApex_distance.1,larynx_LHEA_hyoidale_epiglottisApex_distance.1,LHEA,larynx,distance,Height of larynx (using apex of epiglottis) relative to hyoidale,LARYNX_LHEA_HYOIDALE_EPIGLOTTISAPEX_DISTANCE
larynx_LHEP_hyoidale_epiglottisPetiole_distance.1,larynx_LHEP_hyoidale_epiglottisPetiole_distance.2,LHEP,larynx,distance,Height of larynx (using petiole of epiglottis) relative to hyoidale,LARYNX_LHEP_HYOIDALE_EPIGLOTTISPETIOLE_DISTANCE
larynx_LNCT_nsp_corniculateTubercle_distance.1,larynx_LNCT_nsp_corniculateTubercle_distance.2,LNCT,larynx,distance,Height of larynx (using corniculate tubercle) relative to posterior nasal spine,LARYNX_LNCT_NSP_CORNICULATETUBERCLE_DISTANCE
larynx_LNEA_nsp_epiglottisApex_distance.1,larynx_LNEA_nsp_epiglottisApex_distance.2,LNEA,larynx,distance,Height of larynx (using apex of epiglottis) relative to posterior nasal spine,LARYNX_LNEA_NSP_EPIGLOTTISAPEX_DISTANCE
larynx_LNEP_nsp_epiglottisPetiole_distance.1,larynx_LNEP_nsp_epiglottisPetiole_distance.2,LNEP,larynx,distance,Height of larynx (using petiole of epiglottis) relative to posterior nasal spine,LARYNX_LNEP_NSP_EPIGLOTTISPETIOLE_DISTANCE
mandible_MCGD_condylionMean_gonionMean_distance.1,mandible_MCGD_condylionMean_gonionMean_distance.2,MCGD,mandible,distance,Height of ramus of mandible using mean location of condyles and angles (gonion),MANDIBLE_MCGD_CONDYLIONMEAN_GONIONMEAN_DISTANCE
mandible_MCGL_condylionLeft_gonionLeft_distance.1,mandible_MCGL_condylionLeft_gonionLeft_distance.2,MCGL,mandible,distance,Height of left ramus of mandible,MANDIBLE_MCGL_CONDYLIONLEFT_GONIONLEFT_DISTANCE
mandible_MCGM_gonionMeanConylionMean_gonionMeanMenton_angle.1,mandible_MCGM_gonionMeanConylionMean_gonionMeanMenton_angle.2,MCGM,mandible,angle,Angle of the mandible using the menton and the mean locations of the condyles and angles (gonion),MANDIBLE_MCGM_GONIONMEANCONYLIONMEAN_GONIONMEANMENTON_ANGLE
mandible_MCGP_gonionMeanConylionMean_gonionMeanPogonion_angle.1,mandible_MCGP_gonionMeanConylionMean_gonionMeanPogonion_angle.2,MCGP,mandible,angle,Angle of the mandible using the pogonion and the mean locations of the condyles and angles (gonion),MANDIBLE_MCGP_GONIONMEANCONYLIONMEAN_GONIONMEANPOGONION_A
mandible_MCGR_condylionRight_gonionRight_distance.1,mandible_MCGR_condylionRight_gonionRight_distance.2,MCGR,mandible,distance,Height of right ramus of mandible,MANDIBLE_MCGR_CONDYLIONRIGHT_GONIONRIGHT_DISTANCE
mandible_MCMD_condylionMean_menton_distance.1,mandible_MCMD_condylionMean_menton_distance.2,MCMD,mandible,distance,Length of body of mandible using menton and mean location of condyles,MANDIBLE_MCMD_CONDYLIONMEAN_MENTON_DISTANCE
mandible_MCPD_condylionMean_pogonion_distance.1,mandible_MCPD_condylionMean_pogonion_distance.2,MCPD,mandible,distance,Length of body of mandible using pogonion and mean location of condyles,MANDIBLE_MCPD_CONDYLIONMEAN_POGONION_DISTANCE
mandible_MGMD_gonionMean_menton_distance.1,mandible_MGMD_gonionMean_menton_distance.2,MGMD,mandible,distance,Length of body of mandible using menton and mean location of angles (gonion),MANDIBLE_MGMD_GONIONMEAN_MENTON_DISTANCE
mandible_MGPD_gonionMean_pogonion_distance.1,mandible_MGPD_gonionMean_pogonion_distance.2,MGPD,mandible,distance,Length of body of mandible using pogonion and mean location of angles (gonion),MANDIBLE_MGPD_GONIONMEAN_POGONION_DISTANCE
mandible_MICD_intercondylion_distance.1,mandible_MICD_intercondylion_distance.2,MICD,mandible,distance,Width of mandible between the condyles,MANDIBLE_MICD_INTERCONDYLION_DISTANCE
mandible_MIGD_intergonial_distance.1,mandible_MIGD_intergonial_distance.2,MIGD,mandible,distance,Width of mandible between the angles (gonion),MANDIBLE_MIGD_INTERGONIAL_DISTANCE
mandible_MMPG_menton_pogonion_distance.1,mandible_MMPG_menton_pogonion_distance.2,MMPG,mandible,distance,Height of chin,MANDIBLE_MMPG_MENTON_POGONION_DISTANCE
mandible_MPGL_pogonion_gonionLeft_distance.1,mandible_MPGL_pogonion_gonionLeft_distance.2,MPGL,mandible,distance,Length of left side of body of mandible,MANDIBLE_MPGL_POGONION_GONIONLEFT_DISTANCE
mandible_MPGR_pogonion_gonionRight_distance.1,mandible_MPGR_pogonion_gonionRight_distance.2,MPGR,mandible,distance,Length of right side of body of mandible,MANDIBLE_MPGR_POGONION_GONIONRIGHT_DISTANCE
oralCavity_OCHL_intercanHeight_intercanHPADist_HLRatio.1,oralCavity_OCHL_intercanHeight_intercanHPADist_HLRatio.2,OCHL,oral,ratio,"Ratio between intercanine height of hard palate and intercanine distance to the anterior-most point of the hard palate (i.e., a hard palate height:length ratio)",ORALCAVITY_OCHL_INTERCANHEIGHT_INTERCANHPADIST_HLRATIO
oralCavity_OCHW_intercanHeight_intercanDist_HWRatio.1,oralCavity_OCHW_intercanHeight_intercanDist_HWRatio.2,OCHW,oral,ratio,"Ratio between intercanine height of hard palate and intercanine width (i.e., a hard palate height:width ratio)",ORALCAVITY_OCHW_INTERCANHEIGHT_INTERCANDIST_HWRATIO
oralCavity_OCLW_intercanDist_intercanHPADist_WLRatio.1,oralCavity_OCLW_intercanDist_intercanHPADist_WLRatio.2,OCLW,oral,ratio,"Ratio between intercanine distance to the anterior-most point of the hard palate and intercanine width (i.e., a hard palate length:width ratio)",ORALCAVITY_OCLW_INTERCANDIST_INTERCANHPADIST_WLRATIO
oralCavity_OCMR_intercanDist_interM2Dist_ratio.1,oralCavity_OCMR_intercanDist_interM2Dist_ratio.2,OCMR,oral,ratio,Ratio of intercanine width to intermolar width,ORALCAVITY_OCMR_INTERCANDIST_INTERM2DIST_RATIO
oralCavity_OCPR_intercanDist_interPM2Dist_ratio.1,oralCavity_OCPR_intercanDist_interPM2Dist_ratio.2,OCPR,oral,ratio,Ratio of intercanine width to interpremolar width,ORALCAVITY_OCPR_INTERCANDIST_INTERPM2DIST_RATIO
oralCavity_OMHL_interM2Height_interM2HPADist_HLRatio.1,oralCavity_OMHL_interM2Height_interM2HPADist_HLRatio.2,OMHL,oral,ratio,"Ratio between intermolar height of hard palate and intermolar distance to the anterior-most point of the hard palate (i.e., a hard palate height:length ratio)",ORALCAVITY_OMHL_INTERM2HEIGHT_INTERM2HPADIST_HLRATIO
oralCavity_OMHW_interM2Height_interM2Dist_HWRatio.1,oralCavity_OMHW_interM2Height_interM2Dist_HWRatio.2,OMHW,oral,ratio,"Ratio between intermolar height of hard palate and intermolar width (i.e., a hard palate height:width ratio)",ORALCAVITY_OMHW_INTERM2HEIGHT_INTERM2DIST_HWRATIO
oralCavity_OMLW_interM2Dist_interM2HPADist_WLRatio.1,oralCavity_OMLW_interM2Dist_interM2HPADist_WLRatio.2,OMLW,oral,ratio,"Ratio between intermolar distance to the anterior-most point of the hard palate and intermolar width of hard palate (i.e., a hard palate length:width ratio)",ORALCAVITY_OMLW_INTERM2DIST_INTERM2HPADIST_WLRATIO
oralCavity_OPHL_interPM2Height_interPM2HPADist_HLRatio.1,oralCavity_OPHL_interPM2Height_interPM2HPADist_HLRatio.2,OPHL,oral,ratio,"Ratio between interpremolar height of hard palate and interpremolar distance to the anterior-most point of the hard palate (i.e., a hard palate height:length ratio)",ORALCAVITY_OPHL_INTERPM2HEIGHT_INTERPM2HPADIST_HLRATIO
oralCavity_OPHW_interPM2Height_interPM2Dist_HWRatio.1,oralCavity_OPHW_interPM2Height_interPM2Dist_HWRatio.2,OPHW,oral,ratio,"Ratio between interpremolar height of hard palate and interpremolar width (i.e., a hard palate height:width ratio)",ORALCAVITY_OPHW_INTERPM2HEIGHT_INTERPM2DIST_HWRATIO
oralCavity_OPLW_interPM2Dist_interPM2HPADist_WLRatio.1,oralCavity_OPLW_interPM2Dist_interPM2HPADist_WLRatio.2,OPLW,oral,ratio,"Ratio between interpremolar distance to the anterior-most point of the hard palate and interpremolar width (i.e., a hard palate length:width ratio)",ORALCAVITY_OPLW_INTERPM2DIST_INTERPM2HPADIST_WLRATIO
oralCavity_OPMR_interPM2Dist_interM2Dist_ratio.1,oralCavity_OPMR_interPM2Dist_interM2Dist_ratio.2,OPMR,oral,ratio,Ratio of interpremolar width to intermolar width,ORALCAVITY_OPMR_INTERPM2DIST_INTERM2DIST_RATIO
pharynx_PNNP_nsp_nasopharynx_distance.1,pharynx_PNNP_nsp_nasopharynx_distance.2,PNNP,pharynx,distance,Length (anteroposterior distance) of nasopharynx,PHARYNX_PNNP_NSP_NASOPHARYNX_DISTANCE
pharynx_PPW2_pharynxWall_toC2Projection_meanCurvature.1,pharynx_PPW2_pharynxWall_toC2Projection_meanCurvature.2,PPW2,pharynx,curvature,Curvature of pharynx wall down to projection of C2,PHARYNX_PPW2_PHARYNXWALL_TOC2PROJECTION_MEANCURVATURE
pharynx_PPW3_pharynxWall_toC3Projection_meanCurvature.1,pharynx_PPW3_pharynxWall_toC3Projection_meanCurvature.2,PPW3,pharynx,curvature,Curvature of pharynx wall down to projection of C3,PHARYNX_PPW3_PHARYNXWALL_TOC3PROJECTION_MEANCURVATURE
pharynx_PPW4_pharynxWall_toC4Projection_meanCurvature.1,pharynx_PPW4_pharynxWall_toC4Projection_meanCurvature.2,PPW4,pharynx,curvature,Curvature of pharynx wall down to projection of C4,PHARYNX_PPW4_PHARYNXWALL_TOC4PROJECTION_MEANCURVATURE
pharynx_PPW5_pharynxWall_toC5Projection_meanCurvature.1,pharynx_PPW5_pharynxWall_toC5Projection_meanCurvature.2,PPW5,pharynx,curvature,Curvature of pharynx wall down to projection of C5,PHARYNX_PPW5_PHARYNXWALL_TOC5PROJECTION_MEANCURVATURE
pharynx_PPW6_pharynxWall_toC6Projection_meanCurvature.1,pharynx_PPW6_pharynxWall_toC6Projection_meanCurvature.2,PPW6,pharynx,curvature,Curvature of pharynx wall down to projection of C6,PHARYNX_PPW6_PHARYNXWALL_TOC6PROJECTION_MEANCURVATURE
pharynx_PPW7_pharynxWall_toC7Projection_meanCurvature.1,pharynx_PPW7_pharynxWall_toC7Projection_meanCurvature.2,PPW7,pharynx,curvature,Curvature of pharynx wall down to projection of C7,PHARYNX_PPW7_PHARYNXWALL_TOC7PROJECTION_MEANCURVATURE
pharynx_PPWC_pharynxWall_completeTrace_meanCurvature.1,pharynx_PPWC_pharynxWall_completeTrace_meanCurvature.2,PPWC,pharynx,curvature,Curvature of pharynx wall complete trace,PHARYNX_PPWC_PHARYNXWALL_COMPLETETRACE_MEANCURVATURE
pharynx_PWTP_midsagittalTrace_matlabProcDistance.1,pharynx_PWTP_midsagittalTrace_matlabProcDistance.2,PWTP,pharynx,Procrustes dist.,Procrustes distance of pharyngeal wall tracing,PHARYNX_PWTP_MIDSAGITTALTRACE_MATLABPROCDISTANCE
skull_SBAN_basion_nasion_distance.1,skull_SBAN_basion_nasion_distance.2,SBAN,skull,distance,Length of anterior basicranium (using nasion),SKULL_SBAN_BASION_NASION_DISTANCE
skull_SBAP_basion_prosthion_distance.1,skull_SBAP_basion_prosthion_distance.2,SBAP,skull,distance,Length of facial skeleton (using prosthion),SKULL_SBAP_BASION_PROSTHION_DISTANCE
skull_SBAS_basion_sella_distance.1,skull_SBAS_basion_sella_distance.2,SBAS,skull,distance,Length of middle basicranium (using sella),SKULL_SBAS_BASION_SELLA_DISTANCE
skull_SBNA_basion_nsa_distance.1,skull_SBNA_basion_nsa_distance.2,SBNA,skull,distance,Length of facial skeleton (using anterior nasal spine),SKULL_SBNA_BASION_NSA_DISTANCE
skull_SBNP_basion_nsp_distance.1,skull_SBNP_basion_nsp_distance.2,SBNP,skull,distance,Distance between basion and posterior nasal spine (using posterior nasal spine),SKULL_SBNP_BASION_NSP_DISTANCE
skull_SHBN_headBack_nasion_distance.1,skull_SHBN_headBack_nasion_distance.2,SHBN,skull,distance,Length of head,SKULL_SHBN_HEADBACK_NASION_DISTANCE
skull_SHSW_headSideLeft_headSideRight_distance.1,skull_SHSW_headSideLeft_headSideRight_distance.2,SHSW,skull,distance,Width of head,SKULL_SHSW_HEADSIDELEFT_HEADSIDERIGHT_DISTANCE
skull_SIOD_interorbitale_distance.1,skull_SIOD_interorbitale_distance.2,SIOD,skull,distance,Distance between the eyes (infraorbital distance),SKULL_SIOD_INTERORBITALE_DISTANCE
skull_SNAM_nasion_menton_distance.1,skull_SNAM_nasion_menton_distance.2,SNAM,skull,distance,Height of facial skeleton (using menton),SKULL_SNAM_NASION_MENTON_DISTANCE
skull_SNAP_nasion_pogonion_distance.1,skull_SNAP_nasion_pogonion_distance.2,SNAP,skull,distance,Height of facial skeleton (using pogonion),SKULL_SNAP_NASION_POGONION_DISTANCE
skull_SNNA_nasion_nsa_distance.1,skull_SNNA_nasion_nsa_distance.2,SNNA,skull,distance,Height of facial skeleton (using anterior nasal spine),SKULL_SNNA_NASION_NSA_DISTANCE
skull_SNNP_nasion_nsp_distance.1,skull_SNNP_nasion_nsp_distance.2,SNNP,skull,distance,Length of anterior basicranium (using nasion and posterior nasal spine),SKULL_SNNP_NASION_NSP_DISTANCE
skull_SNOL_nasion_orbitaleLeft_distance.1,skull_SNOL_nasion_orbitaleLeft_distance.2,SNOL,skull,distance,Distance from left infraorbital pit to bridge of nose,SKULL_SNOL_NASION_ORBITALELEFT_DISTANCE
skull_SNOR_nasion_orbitaleRight_distance.1,skull_SNOR_nasion_orbitaleRight_distance.2,SNOR,skull,distance,Distance from right infraorbital pit to bridge of nose,SKULL_SNOR_NASION_ORBITALERIGHT_DISTANCE
softPalate_SPUN_uvula_nsp_distance.1,softPalate_SPUN_uvula_nsp_distance.2,SPUN,soft palate,distance,Length of soft palate from posterior nasal spine to uvula tip,SOFTPALATE_SPUN_UVULA_NSP_DISTANCE
skull_SSEG_sella_condylionMean_distance.1,skull_SSEG_sella_condylionMean_distance.2,SSEG,skull,distance,Height of basicranium relative to mean condyle location,SKULL_SSEG_SELLA_CONDYLIONMEAN_DISTANCE
skull_SSEN_sella_nasion_distance.1,skull_SSEN_sella_nasion_distance.2,SSEN,skull,distance,Length of anterior basicranium (between sella and nasion),SKULL_SSEN_SELLA_NASION_DISTANCE
skull_SSEN_sella_nsp_distance.1,skull_SSEN_sella_nsp_distance.2,SSEN*,skull,distance,Height of posterior nasal cavity,SKULL_SSEN_SELLA_NSP_DISTANCE
general_SVTh_atlas_hpa_distance.1,general_SVTh_atlas_hpa_distance.2,SVTh,general,distance,Length of the horizontal supralaryngeal vocal tract (using the anterior-most point of the hard palate and the atlas),GENERAL_SVTH_ATLAS_HPA_DISTANCE
general_SVTh_atlas_prosthion_distance.1,general_SVTh_atlas_prosthion_distance.2,SVTh*,general,distance,Length of the horizontal supralaryngeal vocal tract (using the prosthion and the atlas),GENERAL_SVTH_ATLAS_PROSTHION_DISTANCE
general_SVTv_nsp_epiglottisPetiole_distance.1,general_SVTv_nsp_epiglottisPetiole_distance.2,SVTv,general,distance,Length of the vertical supralaryngeal vocal tract (using the petiole of the epiglottis and and the posterior nasal spine),GENERAL_SVTV_NSP_EPIGLOTTISPETIOLE_DISTANCE
general_SVTv_nsp_corniculateTubercle_distance.1,general_SVTv_nsp_corniculateTubercle_distance.2,SVTv*,general,distance,Length of the vertical supralaryngeal vocal tract (using the corniculate tubercle and the posterior nasal spine),GENERAL_SVTV_NSP_CORNICULATETUBERCLE_DISTANCE
